{"mean_XI_opt": [0.6340362683854833, 0.05308962950425654, -0.7521031805006804, 0.06918897456385276, -0.0810156599997908, 0.06959390804374922, 0.016986685491976787, -0.04741152708958331, 0.0024408988674424425, 0.015377486014944987, -0.0029854671704579307, -0.0015127023007981228, 6.486510917492513e-05, 3.3518879207598164e-05, -4.2732917330903994e-07, -8.6741873893024e-06, 4.240643315803596e-06, 3.0281867252354206e-06, -3.7666818173132456e-07, -2.5038731753655147e-06, 6.127837290101819e-07, -4.925018964018373e-09, 9.511763043018955e-07, -8.963393030351537e-09, -3.4260930739340117e-07, -6.125626613730039e-08, 1.382384771533041e-08, -1.727853453320484e-07, 1.7143346275043742e-08, -5.253664848764745e-09], "conf_interval_XI_opt": [[0.6278768296772279, 0.02237464567390172, -0.7614963181459368, 0.0003504043057958577, -0.1021324161163213, 0.037904921215128166, 0.016754669455434253, -0.09239045111416992, -0.001296594722594221, 0.0011622427496653792, -0.0061509134483740315, -0.0026738260118656532, -4.724938019667284e-05, -2.230237959851374e-05, -9.194509035170774e-06, -1.5435175428542204e-05, 1.9972529796527076e-06, 5.008094226668665e-07, -7.429867113626481e-07, -4.864072324551559e-06, 3.062531510185125e-08, -1.0246913616450655e-08, 4.6716066634639225e-08, -1.7089375928083087e-08, -6.681800165932211e-07, -1.1944753447060494e-07, 6.913701881059909e-10, -3.3681225462863295e-07, 7.125363479493346e-10, -1.0285725419286444e-08], [0.6401957070937387, 0.08380461333461135, -0.742710042855424, 0.13802754482190965, -0.059898903883260295, 0.10128289487237029, 0.017218701528519325, -0.0024326030649966957, 0.006178392457479106, 0.029592729280224595, 0.00017997910745817046, -0.00035157858973059277, 0.0001769795985465231, 8.934013801371006e-05, 8.339850688552694e-06, -1.913199350062596e-06, 6.484033651954483e-06, 5.555564027803975e-06, -1.0349652100000961e-08, -1.4367402617947094e-07, 1.1949421429185125e-06, 3.9687568841390983e-10, 1.8556365419691516e-06, -8.374101326199873e-10, -1.703859819358125e-08, -3.0649978039958397e-09, 2.6956325242554827e-08, -8.758436035463865e-09, 3.357415620213815e-08, -2.216042782430453e-10]], "mean_BETA_opt": [-0.2515789345135402, -0.2837679762189894, -0.4410413100652323, -0.080785974016506, 1.6574338912682753, 1.1111848969189264, 0.6013729250526515, 0.8742265835392872, 1.034464562446999, 0.8622146188505206, 0.9535903596212278, 2.251563261880002, 1.3573087910953818, 0.581030479195368, 0.1096401563863029, -0.34177615215803003, 0.2171912858579042, 1.415975702107267, 1.6220747874573473, 2.139965179349918, 0.39878412879127934, 0.042672928930497935, -0.2752928954705789, 0.3642261939597993, 0.3378902312594085, 1.2554271550359972, 0.27141612663509995, 0.2444428724347808, 0.828237035881944, 0.8437976449069254], "conf_interval_BETA_opt": [[-0.25388412639300134, -0.28635895661115285, -0.4518101187694734, -0.0853718552115219, 1.624979384866903, 0.9343237382409819, 0.5404806451133511, 0.7030289128361601, 0.9712739666543787, 0.8122256083998239, 0.9224032297461515, 2.0984036467510725, 0.9772914720711904, 0.5063486451151902, 0.05685858973417059, -0.45940386523115817, 0.17865617960480812, 1.2997756222944563, 1.5879798809235646, 2.131159400987846, 0.3333228979347799, -0.024744599830172097, -0.3107765537093098, 0.35849860740382844, 0.27324711454316125, 1.208216769582482, 0.25543765630260346, 0.22820452636106744, 0.7761655950044941, 0.7905275006624488], [-0.249273742634079, -0.281176995826826, -0.4302725013609911, -0.0762000928214901, 1.6898883976696475, 1.2880460555968711, 0.6622652049919519, 1.0454242542424141, 1.097655158239619, 0.9122036293012172, 0.9847774894963041, 2.4047228770089317, 1.7373261101195732, 0.6557123132755459, 0.16242172303843522, -0.2241484390849019, 0.2557263921110003, 1.5321757819200776, 1.6561696939911301, 2.1487709577119904, 0.4642453596477787, 0.11009045769116797, -0.23980923723184794, 0.3699537805157702, 0.4025333479756557, 1.3026375404895125, 0.2873945969675965, 0.2606812185084942, 0.8803084767593937, 0.8970677891514021]]}