{"mean_XI_opt": [0.5825606834588778, 0.17599078576573374, -0.7559433584640952, 0.07975673593764593, 0.023736204873678574, 0.020223131642856787, 0.001347208809406095, -0.0026291558004458756, -0.0036840849238637743, -0.003331823304473668, 0.007037472138193317, -0.0004947148540781392, -0.0011615509649476235, 0.00045554834282237575, -4.087567020603956e-05, 1.6257753154797325e-05, 0.0001567635680227591, -1.7783945786113966e-05, 5.251250344811505e-07, 1.1664345237383814e-07, -1.2089955138560923e-06, 3.071891679858083e-07, 1.5987369936023998e-07, 3.589434651246575e-08, 3.185737611031337e-08, -7.256480352397854e-08, -5.699557266412117e-09, -1.6527896696493122e-09, -4.5540930577845604e-10, 1.8065481547191826e-09], "conf_interval_XI_opt": [[0.3769703760152299, 0.04644158823934946, -0.8607517325310493, 0.0027252606850429713, -0.028924891446177936, -0.037152362126075866, -0.018582911657521423, -0.006170537416008672, -0.021533996474901604, -0.011788265153410431, 8.809224077926206e-05, -0.001888588732638112, -0.004334535485848875, -3.181707996173635e-06, -0.00019257822805615154, -2.910693838083368e-05, -1.862010056903257e-05, -5.4138283735252296e-05, -1.4575984378875081e-05, -1.2656794052781222e-06, -5.198639633137651e-06, -3.1732771207708306e-09, 2.8438685943236867e-10, -1.3213287654172986e-09, 5.38637095454213e-10, -2.6843053866371095e-07, -2.1125743567983545e-08, -4.692668023668893e-09, -1.1019248028242692e-09, -2.336617021914121e-10], [0.7585388949072202, 0.3320720127635079, -0.6291768397310427, 0.13040820611863604, 0.09303827106479304, 0.10836289882179842, 0.02191247881586013, -0.000350453470543197, 0.007485356349013811, 9.97674513613128e-05, 0.02438763884605197, 7.078342603473676e-05, 0.00012847756473937757, 0.0015980938509653879, 3.0611827861903245e-05, 0.00011004649563027153, 0.0005979951222210455, 1.8514044637308424e-06, 1.687923077821569e-05, 1.6663446027493155e-06, 4.1151300968074124e-07, 1.0509365857728655e-06, 4.1449822730385977e-07, 1.3395306425685017e-07, 1.1022296829793334e-07, 1.1389152840700737e-10, 1.1401488032693078e-10, -1.511779211379088e-10, 4.0500972885012636e-11, 6.770318776843249e-09]], "mean_BETA_opt": [-0.2656001746376764, -0.22002490812131348, -0.3973166612972357, -0.07342959118649837, 1.4126690586782469, 1.1643700683286418, 0.5534466131539452, 0.929739974868751, 0.8845488369773644, 0.7576258674060548, 0.9244164285602414, 2.3169757473259773, 1.7570588073219984, 0.5769681714352614, 0.0338976495762105, -0.4346568443331742, 0.2728558201387893, 1.3498252441408825, 1.8188169834625443, 2.245241622573007, 0.5077802077475653, -0.06584714154995552, -0.05569236048265455, 0.3669859937057861, 0.6204038761522453, 1.1723978673936566, 0.5720969892922187, 0.19457686983276037, 0.7868922755047099, 0.8084585760257372], "conf_interval_BETA_opt": [[-0.31881874910146846, -0.25672962466382143, -0.4341978441876595, -0.10871669833898948, 1.3609532496676933, 1.0932649266831018, 0.5193609370786265, 0.8748708388191042, 0.6653214025118693, 0.5347446323580378, 0.8762031555291511, 2.0260413480448696, 1.4446944775500712, 0.4141690386631108, -0.11991560477447819, -0.6080885058260285, 0.22654073273893757, 1.216389870476502, 1.6896053405860232, 2.1582519809013614, 0.43244530123462566, -0.18691023220010827, -0.1748626161515647, 0.24114386957148767, 0.5990723563622334, 1.140494638878606, 0.40107673262656984, 0.1719686197323269, 0.6332564771360855, 0.648356219750994], [-0.17501845364724336, -0.19534681905653425, -0.3713668257698722, -0.03854068493624695, 1.4538816080878711, 1.2249741618825125, 0.6005627025762369, 0.9819606166609004, 1.0266572571990549, 1.0291255472054301, 0.9665673691892999, 2.477272371838645, 2.1358150676276875, 0.6759617526661946, 0.21961243764457236, -0.3182407288173341, 0.33606568434767703, 1.4231317969810904, 1.9390932764492925, 2.3244317656340594, 0.5650716366210061, -0.002053182371908375, 0.017799455028993036, 0.5556311153683626, 0.6541857515253316, 1.2011435827128927, 0.727591210705302, 0.22234548720706254, 0.9357000203876564, 0.9736204543045752]]}